mode,date,pct_delivered,pct_ontime
Metropolitan train,2026-10-04,99.7,95.7
Metropolitan train,2026-10-03,99.2,94.3
Metropolitan train,2026-10-02,98.3,90.6
Metropolitan train,2026-10-01,99.1,91.0
Metropolitan train,2026-09-30,99.7,94.5
Metropolitan train,2026-09-29,99.3,94.3
Metropolitan train,2026-09-28,98.9,93.2
Metropolitan tram,2026-10-04,98.54,85.50
Metropolitan tram,2026-10-03,98.85,87.37
Metropolitan tram,2026-10-02,97.01,88.34
Metropolitan tram,2026-10-01,96.05,79.72
Metropolitan tram,2026-09-30,99.30,88.23
Metropolitan tram,2026-09-29,99.23,87.66
Metropolitan tram,2026-09-28,99.44,90.63
Regional train (V/Line),2026-10-04,95.5,84.9
Regional train (V/Line),2026-10-03,86.3,68.4
Regional train (V/Line),2026-10-02,98.0,85.0
Regional train (V/Line),2026-10-01,93.6,75.9
Regional train (V/Line),2026-09-30,98.0,83.6
Regional train (V/Line),2026-09-29,96.6,76.4
Regional train (V/Line),2026-09-28,89.2,65.6